,Nama,Teknik Kimia,Teknik Fisika,Manajemen Rekayasa,Teknik Bioenergi dan Kemurgi,Teknik Pangan,Teknik Industri,Nilai Akhir
0,Clifton Berkley,2,3,1,4,6,5,3.29
1,Doris Marsh,2,3,6,1,4,5,3.48
2,George Ison,6,5,4,3,1,2,2.92
3,Conrad Ballard,2,1,5,6,3,4,2.94
4,Wanda Roman,3,1,6,4,5,2,3.3
5,Earl Lyon,3,1,2,4,5,6,3.38
6,Edward Hilser,2,1,4,5,6,3,3.4699999999999998
7,Susanne Perez,5,2,4,3,6,1,2.62
8,Fabiola Corey,4,3,1,5,2,6,2.02
9,Deborah Evans,3,4,6,1,5,2,3.83
10,Lianne Parker,5,1,3,6,4,2,3.16
11,Evelyn Garza,2,4,1,6,3,5,3.7800000000000002
12,April Charity,2,4,1,5,3,6,3.3600000000000003
13,Dennis Davies,3,4,2,1,5,6,2.94
14,Janet Ernst,3,4,2,5,6,1,2.54
15,Thomas Defir,4,3,5,6,2,1,3.2199999999999998
16,Aaron Orton,2,4,6,5,1,3,3.38
17,Roy Sweeney,4,5,6,2,3,1,3.87
18,Susie Owens,6,2,4,5,3,1,2.7800000000000002
19,Jeffrey Garber,3,1,4,2,6,5,3.42
20,Ruth West,4,2,3,6,5,1,2.04
21,Kimberly Nowden,2,3,5,1,4,6,2.99
22,Karin Minor,5,4,1,2,3,6,3.23
23,Matthew Ware,3,4,1,2,5,6,3.67
24,Diane Allen,5,6,3,2,1,4,2.96
25,Nick Noble,2,3,5,1,4,6,3.12
26,Peggy Pogue,1,5,2,4,3,6,2.13
27,Eddie Daking,6,3,4,1,2,5,3.12
28,Bruce Burnham,3,5,4,1,6,2,2.71
29,Shauna Dombrowski,5,1,3,2,6,4,3.3899999999999997
30,Norene Crank,2,6,5,3,4,1,2.45
31,Yolanda Lizaola,2,1,6,5,3,4,3.33
32,Terry Beavers,2,6,3,4,5,1,3.46
33,William Phillips,5,4,3,6,1,2,3.99
34,Alfredo Farmer,5,3,4,1,6,2,2.91
35,Francisco Rivera,4,2,5,3,1,6,2.1
36,Richard Chan,1,2,6,5,4,3,2.82
37,Stefanie Botz,2,3,5,6,1,4,2.71
38,Johnny Diaz,2,4,5,1,6,3,2.07
39,Jon Roman,3,2,1,4,6,5,2.22
40,Monica Scott,3,6,2,4,5,1,2.3
41,Juan Everett,4,5,2,6,3,1,3.79
42,Gary Jones,5,3,4,6,2,1,2.4699999999999998
43,Moses Haynes,3,6,2,5,1,4,3.69
44,Leland Pickett,4,1,2,6,5,3,2.79
45,Heather Bowen,5,2,1,4,6,3,3.98
46,Bobby Fisher,3,6,1,4,5,2,3.8
47,Martha Reeves,5,3,6,4,2,1,2.7199999999999998
48,Arturo Worley,1,3,2,6,4,5,3.1100000000000003
49,George Culley,1,3,6,4,2,5,3.62
50,Selena Green,6,4,2,3,1,5,3.73
51,Gladys Wong,4,5,3,1,6,2,3.2
52,Daniel Oakley,2,6,4,3,1,5,2.5
53,James Cavazos,2,4,3,6,1,5,2.37
54,Bonnie Danger,3,5,6,1,4,2,2.05
55,Deborah Mccoy,5,6,3,1,2,4,2.77
56,Philip Wingard,5,4,6,3,1,2,3.8200000000000003
57,Edward Bleakley,2,5,6,3,4,1,2.8
58,Clifford Quinlan,4,3,5,2,1,6,3.77
59,Hulda Connor,2,4,1,5,3,6,3.77
60,Larry Johnson,5,6,2,3,4,1,3.8
61,Patricia Jinkens,4,1,5,3,2,6,3.0
62,Virginia Dubois,3,2,1,5,4,6,3.13
63,Harris Mcgann,6,3,5,4,1,2,2.9699999999999998
64,Douglas Ormond,6,3,1,2,4,5,2.4
65,Thomas Phillips,5,2,6,3,1,4,3.46
66,Connie Johnson,6,4,5,1,2,3,2.48
67,Gretchen Leblanc,2,3,4,1,5,6,3.33
68,Eric Poole,5,4,6,2,3,1,2.03
69,Ronald Rose,2,4,1,3,5,6,2.73
70,Jospeh Vanriper,6,2,3,4,1,5,3.74
71,Tiffany King,5,3,1,6,4,2,3.69
72,Samuel Ortz,6,2,5,4,3,1,3.81
73,Michelle Vasquez,1,3,4,2,5,6,3.3200000000000003
74,Thomas Constance,1,6,4,5,2,3,2.92
75,Debra English,3,2,5,1,4,6,3.91
76,Margaret Lall,6,3,2,5,1,4,2.14
77,Thomas Santoro,3,4,5,6,1,2,2.62
78,Justin Argubright,1,2,3,4,6,5,2.64
79,Erna Fields,1,2,4,5,3,6,2.38
80,Sandra Hunter,6,2,5,1,4,3,2.69
81,Nannette Carr,5,2,4,1,6,3,3.25
82,Dusty Johnson,2,3,4,6,5,1,2.42
83,Thomas Treadwell,3,5,2,6,1,4,3.1399999999999997
84,Agnes Mahoney,2,3,4,6,1,5,2.41
85,Leo Glass,2,6,5,3,4,1,3.2800000000000002
86,Jillian Donnelly,5,4,1,2,3,6,3.4699999999999998
87,Ronald Mcphee,2,5,6,4,3,1,3.24
88,Frances Bell,6,1,2,5,3,4,3.3600000000000003
89,Johnnie Langley,2,5,3,6,1,4,3.56
90,Don Flora,5,6,1,3,2,4,3.3899999999999997
91,Victoria Cook,5,1,3,2,6,4,2.13
92,Joseph Hasson,3,6,5,1,2,4,2.26
93,Cyrus Sharp,4,5,1,6,2,3,3.3200000000000003
94,Gayle Jordon,1,6,5,3,4,2,3.09
95,Steven Cothran,5,4,2,6,1,3,2.14
96,Richard Cathcart,4,5,1,6,3,2,3.7800000000000002
97,Richard Davis,5,1,3,2,6,4,2.39
98,April Forbes,2,3,6,4,5,1,2.14
99,Charles Schroeder,3,1,6,2,4,5,2.08
100,Johnnie Epstein,3,1,2,4,6,5,3.49
101,Christopher Rollo,4,3,5,1,6,2,3.31
102,Camilla Darbonne,1,3,6,5,4,2,2.51
103,Joseph Maston,2,6,4,3,1,5,3.01
104,Daniel Barnett,4,1,3,2,5,6,2.73
105,Charles Osborn,5,4,6,3,1,2,3.8600000000000003
106,Marian Handsaker,4,5,6,3,1,2,3.71
107,Kelly Bergen,1,2,4,5,6,3,3.84
108,Terrence Gant,6,4,3,1,5,2,2.59
109,Annette Ricci,6,1,5,2,4,3,3.2800000000000002
110,Deborah Vega,1,4,2,3,5,6,2.6
111,Ada Tucker,5,3,4,1,6,2,3.65
112,William Carson,3,4,2,6,1,5,3.48
113,Lisa Call,1,4,3,6,5,2,3.95
114,Bernard White,6,2,4,1,3,5,3.84
115,Cody Pai,5,6,3,4,1,2,2.24
116,Scott Perron,1,3,2,6,4,5,3.08
117,Truman Law,3,6,4,1,2,5,2.02
118,Erin Howard,5,4,1,3,6,2,2.64
119,Carrie Collins,4,5,6,2,3,1,2.9
120,Christopher Willard,2,1,5,3,6,4,3.35
121,William Hummel,3,6,5,2,4,1,3.5700000000000003
122,Nancy Ritchie,4,3,1,6,5,2,3.77
123,Richard Anderson,3,6,2,4,1,5,3.19
124,Laura Fothergill,4,2,3,6,5,1,2.2800000000000002
125,Tracy Herrera,1,4,6,2,3,5,2.73
126,Violet Spier,2,6,3,5,4,1,3.5700000000000003
127,Betty Kitchen,5,1,2,6,3,4,3.99
128,Jason Secrist,5,2,3,1,4,6,2.7199999999999998
129,Greg Colunga,4,2,6,1,3,5,3.8899999999999997
130,Jason Houlihan,3,4,2,1,5,6,2.3
131,Tameka Lindsay,4,2,5,6,3,1,2.77
132,Larry Hood,1,5,2,3,4,6,2.11
133,Jeanne Mcgranor,4,6,1,3,2,5,2.08
134,Bobby Wilson,4,3,1,2,5,6,2.71
135,John Borden,1,4,6,3,2,5,2.27
136,David Lauer,4,1,6,5,2,3,2.75
137,Virginia Vargas,1,4,5,2,3,6,3.92
138,David Lehman,6,1,4,3,2,5,2.14
139,David Yoshizumi,5,3,1,4,2,6,2.04
140,Robert Young,2,3,4,6,5,1,2.6
141,Willie Smart,5,6,1,4,2,3,3.04
142,Jennifer Bell,1,5,2,3,4,6,3.31
143,Chris Ferreri,6,5,2,4,1,3,2.41
144,William Shackleford,3,1,4,5,2,6,2.77
145,David Phaneuf,3,6,4,2,5,1,2.21
146,Ernest Young,1,6,4,5,2,3,3.45
147,Jean Adams,1,3,2,4,5,6,2.34
148,Felecia Tate,2,5,3,4,6,1,2.22
149,Allan Jaquess,1,2,4,6,5,3,3.9299999999999997
150,Boyd Simpson,6,1,5,4,3,2,2.59
151,Curtis Mcallister,6,5,2,3,4,1,2.83
152,Juanita Berri,2,1,3,4,5,6,2.09
153,Robbie Gasiewski,4,2,6,3,1,5,2.11
154,Bridget Pileggi,6,1,5,4,3,2,2.89
155,Hope Atwood,6,5,2,3,1,4,2.32
156,Patricia Foster,2,4,3,1,5,6,2.63
157,John Morales,6,1,2,5,3,4,3.4699999999999998
158,Virginia Hodgson,6,1,2,5,3,4,2.26
159,Paul Golson,1,2,4,3,6,5,3.5300000000000002
160,Ryan Larson,4,3,6,5,1,2,3.6
161,Larry Zurita,2,6,4,3,1,5,3.24
162,Jose Pittman,3,6,2,5,4,1,2.89
163,George Compo,6,1,5,4,2,3,3.71
164,John Knost,3,6,5,2,4,1,2.92
165,Holly Bradly,2,6,1,5,3,4,2.24
166,Barbara Calvin,6,3,4,1,5,2,2.13
167,Helen Holley,2,5,3,1,6,4,3.0
168,Nellie Haynes,6,4,2,5,1,3,3.3
169,Anastacia Kilpatrick,2,6,5,1,3,4,3.66
170,John Kelley,5,2,4,6,1,3,3.33
171,Edward Mueller,2,5,3,4,1,6,2.59
172,Laurence Fink,4,3,5,6,1,2,3.46
173,Mary Freeman,4,3,6,5,1,2,3.9699999999999998
174,Virginia Stahl,6,3,5,4,1,2,3.62
175,Van Gosselin,1,2,3,5,4,6,2.9699999999999998
176,Ashley Wilhelm,5,1,6,2,4,3,3.76
177,Patricia Walter,1,2,4,3,5,6,2.5
178,Corey Davis,3,1,2,5,6,4,3.26
179,Mary Pair,5,6,3,1,2,4,3.51
180,Rodger Legere,1,2,6,4,3,5,2.2800000000000002
181,Debra Colon,5,1,6,2,4,3,3.65
182,Janet Bohannon,5,4,1,6,3,2,3.71
183,Prudence Martindale,4,1,5,3,2,6,2.44
184,Sally Barnes,5,2,3,1,6,4,3.76
185,Jessica Chadwell,5,3,2,4,6,1,3.45
186,Kathleen Baker,6,1,3,2,5,4,2.69
187,Ester Dryer,1,6,3,2,4,5,2.35
188,Stephanie Schindler,1,6,4,2,3,5,2.94
189,Bonnie Preston,4,3,5,2,6,1,2.48
190,Alfred Gordon,5,6,2,4,3,1,2.12
191,Tameka Linville,5,3,1,4,6,2,2.31
192,William Moxley,5,4,3,2,1,6,2.32
193,Michael Williams,4,3,2,6,1,5,2.21
194,Russell Huff,3,1,6,4,2,5,2.82
195,James Sparks,6,2,3,1,5,4,3.5700000000000003
196,David Berger,4,2,6,5,1,3,2.62
197,Stephanie Butcher,5,2,1,6,4,3,3.02
198,Lillie Francis,4,6,3,1,2,5,2.24
199,Audrey Toth,5,4,3,2,6,1,2.51
200,Clyde Bumpus,2,3,4,1,5,6,2.92
201,Virginia Havir,2,5,3,1,6,4,3.91
202,Stella White,1,4,5,2,6,3,2.24
203,Charles Coker,3,1,2,4,5,6,2.2
204,Brenda Fischer,4,2,1,3,6,5,2.31
205,Anna Smith,2,5,4,6,3,1,3.62
206,Juan Balderas,1,5,6,3,2,4,2.03
207,Edward Putney,2,3,5,1,4,6,3.1
208,Nellie Hutton,4,5,2,6,1,3,3.9699999999999998
209,Paul Wolf,1,5,4,3,6,2,3.1399999999999997
210,Anne Kemper,3,1,6,4,2,5,3.73
211,Jason Sharp,3,4,2,5,6,1,2.4
212,Robert Bangert,1,5,2,4,3,6,2.89
213,Maurice Mcnally,5,2,6,3,1,4,3.21
214,Robert Garza,4,1,3,2,6,5,2.24
215,Robert Shaw,2,5,4,3,6,1,2.2
216,Sharon Bowden,4,2,5,1,3,6,3.5
217,Curtis Cheeks,6,4,2,5,1,3,3.59
218,Brenda Jones,3,5,4,2,6,1,3.41
219,Donnie Gorman,1,3,6,2,4,5,2.26
220,Freddie Lheureux,3,4,1,2,5,6,2.57
221,David Guthrie,1,3,6,4,5,2,2.64
222,Samuel Ross,1,2,4,6,3,5,2.21
223,Terry Barker,1,3,6,5,2,4,2.7800000000000002
224,Donna Miles,1,3,2,4,5,6,3.05
225,James Oldenburg,3,2,6,1,4,5,2.99
226,Jenny Fields,1,6,5,3,2,4,3.56
227,Joseph Schlager,5,1,2,3,6,4,3.8600000000000003
228,Paula Mason,5,6,1,4,2,3,2.44
229,Richard Waters,5,6,1,2,3,4,2.49
230,Ronald Bullion,3,6,4,1,5,2,2.86
231,Marilyn Powers,3,1,4,5,2,6,2.5
232,Randy Willard,6,4,2,1,3,5,2.56
233,Jo Butler,4,6,5,1,2,3,3.9699999999999998
234,Lea Stuart,3,5,2,1,4,6,3.7
235,Barbara Setchell,2,5,1,3,4,6,3.75
236,Jeanne Munoz,2,5,6,4,3,1,3.09
237,Arturo Rawls,3,1,2,4,5,6,3.5700000000000003
238,Simona Richards,3,5,6,2,1,4,2.07
239,Bradley Bergevin,2,3,6,1,4,5,3.96
240,April Neider,1,2,4,3,5,6,2.64
241,Frederick White,2,1,6,4,5,3,3.05
242,Lin Sefcovic,4,2,3,6,5,1,3.71
243,Demetra Frankenfield,2,4,5,3,1,6,2.33
244,James Fendler,1,5,3,2,6,4,2.06
245,Helen Kunkel,2,6,1,4,3,5,3.83
246,Clarence Turner,1,2,6,4,5,3,2.07
247,Patrick Webb,5,2,6,4,3,1,3.73
248,Vivan Wade,2,6,5,3,1,4,2.14
249,Micheal Lara,4,2,6,5,1,3,3.5
250,Richard Anderson,1,6,2,3,5,4,3.52
251,Darrick Summers,1,2,3,5,4,6,3.5
252,Milton Devore,4,5,2,6,1,3,2.51
253,Sharon Martinez,3,5,4,6,1,2,2.32
254,Eva Gilbert,6,2,1,3,4,5,2.04
255,Katherine Diggs,6,5,2,4,1,3,2.23
256,Craig Brim,3,1,2,5,6,4,3.3200000000000003
257,Georgia Bennett,2,3,5,1,6,4,3.1100000000000003
258,Janelle Bush,2,4,1,3,6,5,3.2199999999999998
259,Edward Blessing,2,1,6,5,4,3,3.81
260,George Lee,5,2,3,1,4,6,2.07
261,Patrick Stauber,2,4,5,6,1,3,2.08
262,Matthew Hunt,1,2,4,6,5,3,3.79
263,Christine Johnson,4,1,5,3,2,6,3.17
264,Shane Spagnuolo,3,5,2,1,4,6,3.5300000000000002
265,Russell Frederick,6,2,1,5,4,3,3.21
266,Robert Kehres,5,3,1,6,4,2,2.93
267,Iris Boehm,1,2,6,4,3,5,2.08
268,Michael Mcmillan,6,4,1,5,3,2,2.58
269,Jim Castillo,3,4,6,5,1,2,3.33
270,Nathan Jividen,3,4,6,2,1,5,2.36
271,Deborah Long,4,6,2,5,3,1,3.6100000000000003
272,Harry Lahman,4,6,3,2,1,5,2.8
273,Janice Shaffer,2,4,1,3,5,6,2.93
274,Elisabeth Cambareri,1,3,2,5,4,6,3.3600000000000003
275,Victor Baker,4,3,1,6,5,2,2.93
276,Steven Colten,5,6,2,3,4,1,2.22
277,Tracy Lee,5,4,2,3,1,6,2.58
278,Ronald Romine,3,2,4,6,5,1,3.55
279,Rosella Adamson,3,6,2,4,1,5,3.26
280,Eddie Keating,4,6,5,1,3,2,2.57
281,Rachel Harris,6,3,1,4,5,2,3.33
282,Patrick Frank,1,2,4,3,5,6,2.91
283,John Garcia,3,5,6,1,2,4,2.25
284,William Keplin,6,1,3,4,2,5,3.91
285,Linda May,1,2,5,6,4,3,2.23
286,Nathan Colace,6,2,5,3,4,1,3.8
287,Marcus Lancaster,1,3,6,4,2,5,3.26
288,Edward Ritchie,6,5,1,2,4,3,2.7199999999999998
289,Harold Gerow,4,2,1,3,6,5,3.49
290,Benjamin Lee,1,2,4,3,6,5,3.41
291,Lacy Bowman,1,2,5,4,3,6,2.15
292,Arlene Morales,4,6,2,5,1,3,2.57
293,Allen Hendrick,1,2,5,6,3,4,3.1100000000000003
294,Kevin Dominique,4,5,1,2,3,6,2.02
295,Maria Maez,5,6,3,2,1,4,2.58
296,Mark Cassada,6,5,3,4,1,2,2.59
297,Michelle Davidson,5,6,3,1,4,2,3.3
298,Angela Mccutcheon,1,2,5,3,6,4,2.04
299,Troy Langham,5,1,3,4,2,6,3.58
300,Robert Kneser,1,4,5,2,3,6,3.79
301,Charles Conrad,4,6,3,2,1,5,2.15
302,Ernest Baker,1,5,6,3,2,4,2.29
303,Paul Eaker,4,6,2,1,3,5,3.45
304,Rigoberto Bourque,2,1,3,6,4,5,3.7
305,Sandra Russotti,2,6,1,3,4,5,3.5
306,Linda Tucker,4,6,3,5,1,2,3.4299999999999997
307,Howard Smith,4,6,5,2,1,3,2.62
308,Eva Brown,2,6,1,5,4,3,3.75
309,Michael Mcclain,1,3,5,4,6,2,3.41
310,Robert Jimenez,4,3,2,6,5,1,3.33
311,Jim Singh,1,2,3,5,4,6,3.44
312,Ellen Rosen,5,3,2,4,6,1,3.71
313,Ernesto Wylam,5,4,2,6,1,3,3.19
314,Mary Obrien,5,1,2,6,3,4,3.73
315,Jamie Pimental,3,6,5,1,4,2,3.74
316,Anthony Smith,3,1,4,2,6,5,3.6399999999999997
317,Charles Lara,3,6,2,5,4,1,2.49
318,Holly Reily,6,1,2,4,3,5,3.92
319,Steven Braddy,3,6,2,5,1,4,3.17
320,Justin Reynolds,3,2,4,5,6,1,3.12
321,Stephanie Yerian,3,2,4,6,1,5,3.51
322,Christine Bradfield,2,4,3,1,6,5,3.94
323,Krista Hernandez,2,6,4,3,5,1,3.19
324,Joseph Brown,6,2,3,4,1,5,2.8
325,David Chadderton,4,5,3,1,6,2,2.71
326,Robin Love,5,3,4,6,1,2,3.83
327,Edward Marschke,4,5,3,1,6,2,3.9699999999999998
328,Louie Carter,1,2,3,4,5,6,3.29
329,Larissa Holder,1,2,5,6,3,4,2.79
330,Jeff Vera,6,5,2,3,4,1,2.55
331,Gladys Moorehead,3,5,6,1,4,2,3.9299999999999997
332,Laura Morrill,4,2,1,6,3,5,3.71
333,Timothy Skaggs,2,3,6,5,4,1,2.93
334,Amanda Delosantos,2,4,5,6,1,3,3.48
335,Joseph Anthony,1,2,4,6,5,3,2.96
336,John Gonzales,1,6,3,4,5,2,2.88
337,Jessica Harmon,3,1,5,6,4,2,3.9299999999999997
338,John Chavarria,4,3,1,2,5,6,3.0300000000000002
339,Rick Strickland,2,4,3,6,5,1,2.16
340,Sherlyn Lyon,2,6,5,1,4,3,2.39
341,Christine Howard,3,2,5,6,1,4,3.54
342,Roy Towle,1,4,2,5,6,3,3.06
343,Dorothy Callaway,1,5,6,2,4,3,3.94
344,Steven Ornelas,4,2,1,3,6,5,2.51
345,Heather Hollie,1,6,4,5,3,2,2.86
346,Ted Martinez,3,4,2,5,6,1,2.73
347,Myrna Rogers,5,2,1,3,6,4,3.15
348,Ana Segal,4,5,2,3,1,6,3.13
349,Eva Keeter,5,1,4,3,6,2,3.4299999999999997
350,Lee Wildey,2,6,1,5,4,3,3.16
351,Tim Dewoody,4,5,3,1,6,2,2.81
352,Dolores Laverriere,4,3,6,2,5,1,3.92
353,Danielle Dyer,1,3,4,6,5,2,3.67
354,Margaret Rhodes,4,3,5,6,2,1,3.27
355,Carroll Burpo,1,3,6,5,4,2,3.69
356,Angela Hall,3,2,4,5,6,1,3.45
357,Ann Monaghan,6,3,5,4,1,2,3.19
358,Deborah Martinez,4,1,3,6,2,5,2.95
359,Frank Henry,2,3,1,4,5,6,2.43
360,Mitchell Burns,1,3,5,2,6,4,3.66
361,Charles Renshaw,1,5,2,4,3,6,2.34
362,Amanda Street,6,1,2,5,4,3,3.38
363,Andres Swope,1,6,2,5,3,4,3.92
364,Roger Gay,1,4,5,6,3,2,3.3600000000000003
365,Lesley Benford,1,4,5,6,3,2,3.8899999999999997
366,John Ferrufino,4,5,2,6,1,3,3.05
367,Donna Flint,5,6,1,3,4,2,2.85
368,Catherine Merrill,5,6,4,1,3,2,2.3
369,Gloria Ricci,5,1,3,4,2,6,2.76
370,Margaret Reese,1,6,4,2,5,3,2.29
371,John Price,1,2,5,3,6,4,3.92
372,Carl Nygren,5,6,1,3,4,2,3.0300000000000002
373,Thomas Miller,1,6,3,2,4,5,2.88
374,Becky Dickens,3,4,2,6,1,5,3.65
375,Jerry Crowell,2,3,5,1,6,4,2.4699999999999998
376,Beverly Mcmath,5,2,3,1,4,6,3.62
377,Michael Jimenez,5,6,2,3,1,4,3.8600000000000003
378,Joey Spoor,2,5,1,6,3,4,3.81
379,Francisco Wilmoth,3,5,2,6,1,4,3.48
380,Kenneth Stroud,4,5,6,3,1,2,3.25
381,Inez Swan,6,4,3,5,2,1,2.61
382,Barbara Carter,2,4,1,5,3,6,2.08
383,Patrick Schertz,6,4,3,2,5,1,2.6
384,Alton Faulk,1,2,6,5,3,4,3.5700000000000003
385,Adam Rangel,1,4,5,6,3,2,3.35
386,Jonathan Jenkins,5,3,2,1,4,6,3.2
387,Yesenia Nash,1,4,3,6,2,5,2.35
388,Ronald Delo,1,4,3,5,2,6,3.34
389,Aimee Love,6,4,1,5,2,3,3.44
390,Kathryn Lang,5,4,3,6,1,2,3.08
391,Regina Beal,2,1,6,5,3,4,3.09
392,Warren Higgins,4,6,3,1,2,5,2.24
393,Dudley Miles,4,6,5,2,3,1,3.19
394,Karan Saunders,4,5,2,3,1,6,2.7
395,David Williams,1,5,2,6,4,3,2.65
396,Beverly Warren,6,5,4,1,3,2,2.54
397,George Tappen,4,3,2,1,6,5,3.9699999999999998
398,James Conklin,3,4,2,6,5,1,2.36
399,Bertha Courtney,6,4,5,2,1,3,2.95
400,Andrea Rushing,6,2,1,4,5,3,3.24
401,Larry Johnson,6,3,4,5,2,1,2.46
402,Karen Jones,6,1,4,5,3,2,3.69
403,Amy Bumgardner,1,6,3,2,4,5,2.19
404,Samantha Killinger,3,1,2,5,6,4,3.6
405,Richard Wood,1,2,5,4,3,6,3.26
406,Robert Sharon,4,5,6,3,1,2,2.83
407,Karen Bishop,3,2,6,4,1,5,2.07
408,Abby Gamez,5,1,2,3,6,4,2.73
409,Lloyd Hill,4,2,3,1,5,6,2.95
410,David Lewis,3,5,6,1,2,4,2.06
411,Mary Morgan,6,3,2,1,5,4,3.73
412,Audrey Williams,6,5,4,1,2,3,3.6
413,Jacqueline Faria,6,5,1,2,3,4,2.57
414,Robert Robinson,6,4,5,1,2,3,3.12
415,Rudolph Parks,2,4,6,1,3,5,2.7800000000000002
416,George Sosa,4,3,1,6,5,2,3.2199999999999998
417,Chad Darby,2,3,5,6,4,1,3.0300000000000002
418,Diane Beem,6,2,1,3,4,5,3.0
419,John Johnson,6,1,3,5,2,4,3.48
420,Janine Epstein,6,4,3,1,2,5,2.12
421,Kristen Greenstein,2,6,4,3,1,5,3.67
422,Salvador Leite,4,6,1,3,2,5,2.7
423,Paulette Martindale,3,2,6,1,4,5,2.13
424,Patrick Sawicki,2,3,4,6,5,1,3.0700000000000003
425,Stephen Criner,4,3,5,6,1,2,3.94
426,Charis Cregan,3,1,2,6,5,4,2.18
427,Bonnie Criswell,2,1,4,6,5,3,3.15
428,Irene Grubb,6,5,4,3,1,2,2.2
429,Maria Spruill,1,3,2,6,4,5,2.37
430,Vilma Perie,3,4,2,1,6,5,3.9299999999999997
431,Jack Donaldson,4,1,3,2,5,6,2.18
432,Brenda Maas,1,6,4,2,3,5,3.66
433,Bonnie Paul,5,4,6,2,1,3,2.2800000000000002
434,Robert Sirles,5,6,3,1,4,2,2.71
435,Gary Rosi,1,6,3,5,2,4,3.76
436,Karen Leppla,2,6,4,3,1,5,2.69
437,Harland Walker,3,2,6,5,4,1,3.48
438,Michael Neel,5,1,2,6,3,4,3.8
439,Clarence Coleman,6,4,3,1,5,2,2.93
440,Santiago Hooker,5,1,6,4,3,2,3.06
441,Beatrice Hall,5,2,1,4,6,3,3.5300000000000002
442,Vanessa Watkins,4,2,3,1,5,6,2.2800000000000002
443,Charles Cardenas,2,5,6,3,1,4,3.94
444,Lisa Mcloughlin,5,3,1,4,2,6,2.99
445,Kathleen Ingram,3,4,5,2,1,6,3.1399999999999997
446,Michelle Pulliam,4,1,2,5,6,3,2.79
447,Sandra Mcguinn,1,2,4,6,3,5,3.92
448,Brenda Bonner,1,5,6,2,3,4,3.77
449,Elton Harmon,1,2,6,3,5,4,2.31
450,William Morgan,2,5,1,4,3,6,2.52
451,Glen Cushenberry,1,4,2,3,5,6,3.83
452,Edward Ayers,3,2,1,6,5,4,3.27
453,John Spencer,1,2,5,4,3,6,2.16
454,Norma Larios,2,4,5,6,1,3,2.86
455,Karen Goodman,4,1,5,6,2,3,2.17
456,Daniel Harrell,1,4,2,3,6,5,2.1
457,Pauline Williams,2,6,3,4,1,5,3.91
458,Charlene Brown,2,5,4,3,6,1,3.75
459,Diane Payne,2,1,3,6,4,5,3.25
460,Gary Downs,5,6,2,4,3,1,2.37
461,Fred Dominguez,1,3,5,6,4,2,3.42
462,Geraldine Copeland,1,5,6,4,2,3,2.68
463,Robert Pince,1,4,3,6,5,2,3.5700000000000003
464,Larry Harris,5,2,1,4,3,6,3.1100000000000003
465,Mary Morrison,2,6,4,1,5,3,3.63
466,Alexander Williams,1,3,2,6,4,5,3.1399999999999997
467,Erick Minton,3,4,5,2,1,6,2.13
468,Warren Hilbert,6,4,2,1,5,3,2.88
469,Robert Burns,5,4,3,2,6,1,3.16
470,Larry Hermann,6,4,3,5,2,1,3.74
471,Alvaro Dube,5,4,3,2,6,1,3.37
472,Thomas Dana,3,5,6,4,2,1,3.54
473,Jennifer Postley,4,6,2,1,5,3,3.76
474,Inez Burciaga,4,2,1,3,5,6,2.1
475,Rodney Landers,2,1,4,5,3,6,3.24
476,Monroe Cooper,3,4,5,1,2,6,2.09
477,Ebony Clarke,6,4,2,5,1,3,3.4699999999999998
478,Jody Davis,5,4,2,6,3,1,3.7
479,Pearly Sanders,5,1,6,4,2,3,3.0700000000000003
480,Jeffrey Riley,2,1,4,3,5,6,2.27
481,Brittany Angelini,3,1,5,2,4,6,3.16
482,Roberta Johnson,5,1,4,3,6,2,2.48
483,James Boom,6,1,5,4,3,2,2.17
484,Wendy Comeaux,4,2,5,3,6,1,3.55
485,Susan Brandon,3,5,1,4,2,6,2.2800000000000002
486,Patricia Guillory,6,2,3,1,5,4,3.65
487,Monica Peterson,1,5,3,2,6,4,2.99
488,John Czachorowski,2,1,3,6,4,5,2.81
489,Jerome Rains,2,1,6,5,4,3,3.5300000000000002
490,Michele Johnson,3,6,2,5,1,4,2.86
491,Susie Haney,3,2,5,6,4,1,3.1799999999999997
492,Daniel Brown,1,6,4,3,5,2,3.04
493,Michael Eller,3,4,1,2,5,6,3.52
494,Samuel Morris,1,3,6,2,4,5,3.0
495,Grace Lawson,6,2,4,5,3,1,2.3
496,Jesus Powell,2,6,1,5,3,4,2.36
497,Nelson Moore,4,3,6,1,2,5,2.99
498,Norma Imoto,1,4,5,6,2,3,2.08
499,Albert Read,4,1,5,2,6,3,3.2199999999999998
500,Judy Richardson,3,6,2,5,4,1,2.75
501,Samuel Rios,4,5,3,2,6,1,3.85
502,Kristen Musick,4,3,6,2,5,1,2.65
503,Phyllis Soukup,1,2,5,4,3,6,2.9699999999999998
504,Sharon Esparza,1,4,3,6,5,2,2.09
505,Felix Tilman,2,6,1,4,3,5,2.83
506,Nellie Britt,4,5,6,3,1,2,3.44
507,Carla Merida,6,2,3,1,4,5,3.87
508,James Mcateer,2,5,3,1,4,6,3.15
509,Scott Fields,6,3,2,1,4,5,2.89
510,Christal Perez,4,5,1,6,3,2,3.8
511,Jose Carmona,4,1,6,5,2,3,3.21
512,Robert Garcia,2,5,1,4,3,6,2.1
513,Ralph Bartley,4,2,5,1,6,3,3.59
514,Lourdes Gatlin,6,1,5,4,3,2,3.71
515,Alfonso Eiben,1,3,2,6,4,5,3.9699999999999998
516,John Graves,1,5,4,3,6,2,2.81
517,Antonio Cordova,3,5,4,1,6,2,3.2199999999999998
518,John Heroman,1,5,4,6,2,3,2.51
519,Aimee Cox,3,4,5,6,2,1,3.9
520,Dean Salisbury,1,6,3,2,5,4,3.96
521,Chad Garrett,4,5,6,2,1,3,2.62
522,Josue Zuniga,5,3,1,4,6,2,2.13
523,Miguel Jones,6,3,5,4,1,2,2.89
524,Cesar Grochmal,3,4,1,5,6,2,2.22
525,Raymond Carroll,1,6,3,4,2,5,2.74
526,Jessie Kincaid,4,6,5,2,1,3,3.95
527,Jeffrey Stulce,2,6,1,5,3,4,3.06
528,Vicki Rhim,6,4,2,3,1,5,3.99
529,Don Woodworth,6,4,5,1,2,3,2.96
530,William Peterson,4,3,1,5,2,6,3.51
531,Raymond Cunningham,1,3,6,4,5,2,2.85
532,Thomas Mckown,2,5,1,4,3,6,2.49
533,John Jenkins,1,5,2,4,3,6,2.65
534,Maria Sartain,6,2,3,4,5,1,3.88
535,Katie Parham,3,1,2,6,5,4,2.32
536,Robert Archer,2,4,6,5,3,1,3.6100000000000003
537,Marcia Alverson,6,4,2,1,3,5,2.88
538,Thomas Cooksey,6,1,3,2,4,5,3.52
539,John Hudley,5,3,4,2,1,6,3.9699999999999998
540,Elizabeth Moreno,3,2,4,1,5,6,3.05
541,Rhonda Braswell,3,2,6,1,4,5,2.27
542,Thomas Bennett,5,3,6,4,2,1,3.7
543,Omar Kubin,2,6,3,1,5,4,2.14
544,Paul Hernandez,4,5,3,2,1,6,3.17
545,Jennie Rogers,4,6,3,5,2,1,3.2800000000000002
546,Carmen Mejia,1,4,2,6,5,3,3.4699999999999998
547,Amanda Hales,2,5,3,1,4,6,2.05
548,Juan Hampshire,2,3,4,5,6,1,3.17
549,Janet Byers,5,4,1,2,6,3,2.26
